employee_key,employee_name,gender,hire_date
1,Grant Frey,M,2018-02-24
2,Elizabeth George,F,2020-08-08
3,Olivia Mcdaniel,F,2020-05-30
4,James Barrett,M,2015-09-20
5,Michelle Beard,F,2015-05-07
6,Bryan Brennan,M,2021-07-03
7,Alexander Conrad,M,2020-05-16
8,Joshua Petersen,M,2015-05-15
9,Noah Bray,M,2017-08-15
10,Sarah Johnson,F,2019-03-12
11,Michael Davis,M,2016-11-08
12,Jennifer Wilson,F,2020-01-15
13,David Martinez,M,2017-06-22
14,Lisa Anderson,F,2018-09-30
15,Christopher Taylor,M,2019-12-03
16,Amanda Thomas,F,2021-04-18
17,James Jackson,M,2015-08-25
18,Jessica White,F,2020-07-14
19,Daniel Harris,M,2016-02-28
20,Michelle Martin,F,2018-10-09
21,Matthew Thompson,M,2019-05-17
22,Ashley Garcia,F,2020-11-26
23,Andrew Miller,M,2017-03-31
24,Stephanie Davis,F,2018-12-12
25,Joshua Rodriguez,M,2019-08-07
26,Elizabeth Wilson,F,2021-01-20
27,Robert Smith,M,2015-07-13
28,Jennifer Brown,F,2016-04-05
29,Michael Jones,M,2017-09-18
30,Sarah Garcia,F,2018-06-29
31,David Miller,M,2019-02-11
32,Lisa Davis,F,2020-10-23
33,Christopher Wilson,M,2021-03-16
34,Amanda Moore,F,2015-12-01
35,James Taylor,M,2016-08-14
36,Jessica Anderson,F,2017-11-27
37,Daniel Thomas,M,2018-05-10
38,Michelle Jackson,F,2019-09-22
39,Matthew White,M,2020-04-06
40,Ashley Harris,F,2021-07-19
41,Andrew Martin,M,2015-10-02
42,Stephanie Thompson,F,2016-06-15
43,Joshua Garcia,M,2017-01-28
44,Elizabeth Davis,F,2018-08-11
45,Robert Wilson,M,2019-12-24
46,Jennifer Moore,F,2020-05-07
47,Michael Taylor,M,2021-09-20
48,Sarah Anderson,F,2015-03-03
49,David Thomas,M,2016-11-16
50,Lisa Jackson,F,2017-04-29
51,Christopher White,M,2018-10-12
52,Amanda Harris,F,2019-06-25
53,James Martin,M,2020-01-08
54,Jessica Thompson,F,2021-05-21
55,Daniel Garcia,M,2015-09-04
56,Michelle Davis,F,2016-02-17
57,Matthew Wilson,M,2017-07-30
58,Ashley Moore,F,2018-12-13
59,Andrew Taylor,M,2019-08-26
60,Stephanie Anderson,F,2020-03-09
61,Joshua Thomas,M,2021-07-22
62,Elizabeth Jackson,F,2015-11-05
63,Robert White,M,2016-04-18
64,Jennifer Harris,F,2017-09-01
65,Michael Martin,M,2018-01-14
66,Sarah Thompson,F,2019-05-27
67,David Garcia,M,2020-10-10
68,Lisa Davis,F,2021-02-23
69,Christopher Wilson,M,2015-06-06
70,Amanda Moore,F,2016-12-19
71,James Taylor,M,2017-05-02
72,Jessica Anderson,F,2018-10-15
73,Daniel Thomas,M,2019-03-28
74,Michelle Jackson,F,2020-08-11
75,Matthew White,M,2021-12-24
76,Ashley Harris,F,2015-04-07
77,Andrew Martin,M,2016-09-20
78,Stephanie Thompson,F,2017-02-03
79,Joshua Garcia,M,2018-06-16
80,Elizabeth Davis,F,2019-11-29
81,Robert Wilson,M,2020-04-12
82,Jennifer Moore,F,2021-08-25
83,Michael Taylor,M,2015-01-08
84,Sarah Anderson,F,2016-06-21
85,David Thomas,M,2017-11-04
86,Lisa Jackson,F,2018-03-17
87,Christopher White,M,2019-08-30
88,Amanda Harris,F,2020-01-13
89,James Martin,M,2021-05-26
90,Jessica Thompson,F,2015-10-09
91,Daniel Garcia,M,2016-03-22
92,Michelle Davis,F,2017-08-05
93,Matthew Wilson,M,2018-12-18
94,Ashley Moore,F,2019-05-01
95,Andrew Taylor,M,2020-09-14
96,Stephanie Anderson,F,2021-02-27
97,Joshua Thomas,M,2015-07-10
98,Elizabeth Jackson,F,2016-12-23
99,Robert White,M,2017-05-06
100,Jennifer Harris,F,2018-10-19