communication_key,communication_name,objective
1,Community Safety Awareness Campaign,Public Safety
2,Public Health Education Initiative,Health Education
3,Environmental Conservation Program,Environmental Awareness
4,Senior Services Outreach,Community Services
5,Youth Development Program,Youth Services
6,Public Transportation Promotion,Transportation
7,Recycling Program Launch,Environmental
8,Public Meeting Announcement,Community Engagement
9,Emergency Preparedness Training,Emergency Management
10,Public Health Vaccination Drive,Health Services
11,Community Center Grand Opening,Community Services
12,Public Art Installation Project,Arts & Culture
13,Neighborhood Watch Program,Public Safety
14,Public Library Services Promotion,Library Services
15,Parks & Recreation Program,Recreation
16,Public Works Infrastructure Update,Infrastructure
17,Code Enforcement Education,Code Compliance
18,Animal Control Services,Animal Services
19,Public Health Screening Program,Health Services
20,Community Garden Initiative,Environmental
21,Public Safety Equipment Upgrade,Public Safety
22,Public Transit Route Expansion,Transportation
23,Environmental Cleanup Program,Environmental
24,Public Health Data Collection,Health Services
25,Community Development Planning,Community Development
26,Public Safety Training Program,Public Safety
27,Recreation Program Registration,Recreation
28,Public Health Vaccination Program,Health Services
29,Infrastructure Development Project,Infrastructure
30,Environmental Conservation Initiative,Environmental
31,Public Safety Investigation Update,Public Safety
32,Community Event Planning,Community Services
33,Public Transit Service Improvement,Transportation
34,Environmental Research Program,Environmental
35,Public Safety Community Outreach,Public Safety
36,Recreation Facility Management,Recreation
37,Public Health Data Analysis,Health Services
38,Infrastructure Asset Management,Infrastructure
39,Environmental Policy Development,Environmental
40,Public Safety Crime Prevention,Public Safety
41,Community Development Planning,Community Development
42,Public Transit Performance Monitoring,Transportation
43,Environmental Sustainability Program,Environmental
44,Public Safety Performance Metrics,Public Safety
45,Recreation Program Evaluation,Recreation
46,Public Health Program Assessment,Health Services
47,Infrastructure Performance Monitoring,Infrastructure
48,Environmental Program Evaluation,Environmental
49,Public Safety Community Feedback,Public Safety
50,Community Service Coordination,Community Services
51,Public Transit Community Outreach,Transportation
52,Environmental Community Education,Environmental
53,Public Safety Training Program,Public Safety
54,Recreation Community Partnership,Recreation
55,Public Health Community Partnership,Health Services
56,Infrastructure Community Engagement,Infrastructure
57,Environmental Community Partnership,Environmental
58,Public Safety Community Partnership,Public Safety
59,Community Development Partnership,Community Development
60,Public Transit Community Partnership,Transportation
61,Environmental Education Partnership,Environmental
62,Public Safety Education Partnership,Public Safety
63,Recreation Education Partnership,Recreation
64,Public Health Education Partnership,Health Services
65,Infrastructure Education Partnership,Infrastructure
66,Environmental Research Partnership,Environmental
67,Public Safety Research Partnership,Public Safety
68,Community Research Partnership,Community Services
69,Public Transit Research Partnership,Transportation
70,Environmental Innovation Partnership,Environmental
71,Public Safety Innovation Partnership,Public Safety
72,Recreation Innovation Partnership,Recreation
73,Public Health Innovation Partnership,Health Services
74,Infrastructure Innovation Partnership,Infrastructure
75,Environmental Technology Partnership,Environmental
76,Public Safety Technology Partnership,Public Safety
77,Community Technology Partnership,Community Services
78,Public Transit Technology Partnership,Transportation
79,Environmental Data Partnership,Environmental
80,Public Safety Data Partnership,Public Safety
81,Community Data Partnership,Community Services
82,Public Transit Data Partnership,Transportation
83,Environmental Monitoring Partnership,Environmental
84,Public Safety Monitoring Partnership,Public Safety
85,Community Monitoring Partnership,Community Services
86,Public Transit Monitoring Partnership,Transportation
87,Environmental Assessment Partnership,Environmental
88,Public Safety Assessment Partnership,Public Safety
89,Community Assessment Partnership,Community Services
90,Public Transit Assessment Partnership,Transportation
91,Environmental Evaluation Partnership,Environmental
92,Public Safety Evaluation Partnership,Public Safety
93,Community Evaluation Partnership,Community Services
94,Public Transit Evaluation Partnership,Transportation
95,Environmental Review Partnership,Environmental
96,Public Safety Review Partnership,Public Safety
97,Community Review Partnership,Community Services
98,Public Transit Review Partnership,Transportation
99,Environmental Audit Partnership,Environmental
100,Public Safety Audit Partnership,Public Safety
